{"cameraMode":{"drawMode":0,"name":"Shaded","section":"Shading Mode"},"sceneLighting":false,"audioPlay":false,"sceneViewState":{"showFog":true,"showMaterialUpdate":false,"showSkybox":true,"showFlares":true,"showImageEffects":true,"showParticleSystems":true},"in2DMode":false,"pivot":{"x":0.00048828125,"y":0.868539571762085,"z":-0.022551745176315309},"rotation":{"x":0.0033575219567865135,"y":0.9920400381088257,"z":-0.1229519173502922,"w":0.02709028869867325},"size":3.7617032527923586,"orthographic":false}